이닝,공격팀구분,타자명,투수명,투구ID,상대타석내구수,구종(stuff),구속(speed),좌우위치(crossPlateX),상하위치(crossPlateY),S존상단(topSz),S존하단(bottomSz),타자타석방향(stance),초속X(vx0),초속Y(vy0),초속Z(vz0),가속도X(ax),가속도Y(ay),가속도Z(az),텍스트로그
1,Away,황영묵,올러,260506_183017,1,직구,151.0,-1.21022,0.7083,3.272,1.587,L,5.53649,-135.717,-3.13678,-15.4778,28.1269,-19.2878,황영묵 : 좌익수 플라이 아웃
1,Away,페라자,올러,260506_183234,1,직구,152.0,0.043483,0.7083,3.25,1.576,L,7.93147,-136.523,-4.69569,-16.8254,28.4538,-17.0735,페라자 : 3루수 파울플라이 아웃
1,Away,문현빈,올러,260506_183321,1,직구,150.0,0.094586,0.7083,3.17,1.537,L,7.52432,-135.041,-5.78251,-13.1513,28.9214,-18.0463,문현빈 : 좌익수 플라이 아웃
1,Away,황영묵,올러,260506_183032,2,직구,150.0,-0.312954,0.7083,3.272,1.587,L,6.67064,-134.673,-5.67394,-13.9483,27.3671,-15.4349,황영묵 : 좌익수 플라이 아웃
1,Away,문현빈,올러,260506_183338,2,직구,151.0,-0.320692,0.7083,3.17,1.537,L,6.05265,-135.328,-4.91869,-11.7935,31.3111,-16.6709,문현빈 : 좌익수 플라이 아웃
1,Away,황영묵,올러,260506_183051,3,직구,151.0,-0.876928,0.7083,3.272,1.587,L,5.12735,-134.832,-2.30541,-13.4145,24.7141,-20.6795,황영묵 : 좌익수 플라이 아웃
1,Away,황영묵,올러,260506_183110,4,직구,151.0,0.143088,0.7083,3.272,1.587,L,7.71292,-135.28,-3.04135,-13.051,28.9293,-18.7949,황영묵 : 좌익수 플라이 아웃
1,Away,황영묵,올러,260506_183136,5,직구,152.0,0.595762,0.7083,3.272,1.587,L,8.87832,-136.331,-2.65491,-13.1323,26.5431,-16.1954,황영묵 : 좌익수 플라이 아웃
1,Away,황영묵,올러,260506_183157,6,직구,153.0,0.207801,0.7083,3.272,1.587,L,8.01301,-136.777,-5.71571,-14.5659,28.1238,-14.1562,황영묵 : 좌익수 플라이 아웃
1,Home,박재현,류현진,260506_183608,1,직구,139.0,-0.847804,0.7083,3.329,1.615,L,-7.93196,-123.539,-6.52849,12.3077,26.2604,-16.3695,박재현 : 1루수 땅볼 아웃 (1루수 1루 터치아웃)
1,Home,김호령,류현진,260506_183645,1,직구,141.0,0.089155,0.7083,3.311,1.606,R,-7.09104,-126.525,-5.95764,16.1389,28.6039,-20.1253,김호령 : 3루수 번트 아웃 (3루수->1루수 송구아웃)
1,Home,김선빈,류현진,260506_183817,1,직구,143.0,0.893891,0.7083,3.045,1.477,R,-4.63932,-128.157,-6.24073,13.1409,27.6449,-13.8276,김선빈 : 볼넷
1,Home,김도영,류현진,260506_184003,1,직구,144.0,-0.557992,0.7083,3.342,1.621,R,-7.18757,-128.23,-5.31092,10.757,26.4605,-15.9363,김도영 : 좌익수 왼쪽 2루타
1,Home,아데를린,류현진,260506_184058,1,커브,110.0,0.566911,0.7083,3.453,1.675,R,-0.226321,-98.9114,5.23522,-6.82519,20.0031,-42.3615,아데를린 : 삼진 아웃
1,Home,김호령,류현진,260506_183703,2,직구,143.0,-0.614094,0.7083,3.311,1.606,R,-7.83928,-127.731,-2.82186,13.9964,26.0444,-20.3298,김호령 : 3루수 번트 아웃 (3루수->1루수 송구아웃)
1,Home,김선빈,류현진,260506_183834,2,직구,143.0,-1.1153,0.7083,3.045,1.477,R,-8.93747,-127.793,-8.83842,12.9437,24.0614,-12.6453,김선빈 : 볼넷
1,Home,아데를린,류현진,260506_184117,2,체인지업,129.0,-0.675506,0.7083,3.453,1.675,R,-8.021,-115.5,-4.62107,14.1775,21.574,-19.5276,아데를린 : 삼진 아웃
1,Home,김선빈,류현진,260506_183850,3,직구,143.0,0.642336,0.7083,3.045,1.477,R,-4.83136,-128.688,-4.84117,11.6114,29.053,-16.7906,김선빈 : 볼넷
1,Home,아데를린,류현진,260506_184137,3,체인지업,127.0,1.15216,0.7083,3.453,1.675,R,-5.0464,-113.754,-2.58152,14.8543,19.6574,-24.4864,아데를린 : 삼진 아웃
1,Home,김선빈,류현진,260506_183908,4,직구,143.0,1.12984,0.7083,3.045,1.477,R,-4.40354,-129.146,-5.00689,14.2568,27.3835,-12.5428,김선빈 : 볼넷
1,Home,아데를린,류현진,260506_184200,4,직구,146.0,-0.793002,0.7083,3.453,1.675,R,-8.77821,-130.755,-6.19837,15.6699,28.4216,-15.637,아데를린 : 삼진 아웃
1,Home,김선빈,류현진,260506_183926,5,직구,141.0,0.561772,0.7083,3.045,1.477,R,-4.89229,-126.57,-1.69698,11.8504,24.8783,-14.6631,김선빈 : 볼넷
1,Home,아데를린,류현진,260506_184224,5,체인지업,128.0,1.07049,0.7083,3.453,1.675,R,-4.34571,-114.903,-5.49833,11.0478,19.6246,-19.0031,아데를린 : 삼진 아웃
2,Away,강백호,올러,260506_184435,1,직구,150.0,-1.57336,0.7083,3.333,1.616,L,3.74279,-134.623,0.31225,-13.2126,28.7453,-23.7613,강백호 : 볼넷
2,Away,노시환,올러,260506_184832,1,직구,150.0,0.261015,0.7083,3.364,1.631,R,7.79351,-134.136,-2.95379,-12.2952,25.479,-20.0267,노시환 : 좌익수 앞 1루타
2,Away,김태연,올러,260506_184945,1,직구,151.0,-0.574428,0.7083,3.232,1.568,R,6.53027,-135.214,-3.26049,-15.0858,30.1344,-21.9711,김태연 : 3루수 희생번트 아웃 (3루수->2루수 1루 터치아웃)
2,Away,이원석,올러,260506_185026,1,슬라이더,135.0,-0.128497,0.7083,3.278,1.59,R,3.46318,-120.439,1.33627,12.6794,25.2048,-38.0263,이원석 : 3루수 앞 땅볼로 출루
2,Away,최재훈,올러,260506_185344,1,직구,150.0,-0.348224,0.7083,3.261,1.582,R,6.55961,-134.783,-1.54797,-13.0176,27.0095,-20.3178,최재훈 : 볼넷
2,Away,N/A,올러,260506_185535,1,슬라이더,135.0,-0.132761,0.7083,3.36,1.63,R,2.88022,-121.331,0.419951,15.1327,23.1366,-39.3358,
2,Away,황영묵,올러,260506_185908,1,직구,152.0,-0.085407,0.7083,3.272,1.587,L,8.02621,-136.081,-8.1511,-16.5264,29.897,-15.3888,황영묵 : 좌익수 플라이 아웃
2,Away,강백호,올러,260506_184454,2,커브,130.0,-1.59058,0.7083,3.333,1.616,L,0.521984,-116.325,4.55136,6.90769,18.7695,-49.6463,강백호 : 볼넷
2,Away,이원석,올러,260506_185217,2,직구,150.0,-0.193449,0.7083,3.278,1.59,R,7.95065,-134.342,-2.4898,-15.8316,27.608,-18.985,이원석 : 3루수 앞 땅볼로 출루
2,Away,최재훈,올러,260506_185406,2,직구,150.0,-0.043268,0.7083,3.261,1.582,R,6.86689,-134.58,-0.747618,-11.6275,29.0513,-19.1957,최재훈 : 볼넷
2,Away,N/A,올러,260506_185556,2,직구,152.0,-0.651136,0.7083,3.36,1.63,R,6.09118,-136.099,-2.71109,-13.742,28.9606,-15.1643,
2,Away,황영묵,올러,260506_185927,2,체인지업,139.0,0.161792,0.7083,3.272,1.587,L,8.7564,-124.129,-3.52149,-13.8491,21.9849,-31.9415,황영묵 : 좌익수 플라이 아웃
2,Away,강백호,올러,260506_184519,3,직구,151.0,-0.618552,0.7083,3.333,1.616,L,6.61994,-135.37,-4.70758,-14.552,28.3845,-14.9042,강백호 : 볼넷
2,Away,이원석,올러,260506_185241,3,슬라이더,137.0,0.255948,0.7083,3.278,1.59,R,4.39078,-123.299,1.10324,11.6449,23.8104,-39.5058,이원석 : 3루수 앞 땅볼로 출루
2,Away,최재훈,올러,260506_185432,3,슬라이더,134.0,0.180615,0.7083,3.261,1.582,R,4.12614,-120.084,4.0049,11.4662,21.1552,-43.133,최재훈 : 볼넷
2,Away,N/A,올러,260506_185620,3,직구,152.0,0.071325,0.7083,3.36,1.63,R,7.86829,-135.503,-3.31717,-13.5759,28.8679,-14.1784,
2,Away,황영묵,올러,260506_185949,3,체인지업,141.0,-1.12937,0.7083,3.272,1.587,L,5.46544,-125.63,-2.45974,-10.5205,22.557,-29.4001,황영묵 : 좌익수 플라이 아웃
2,Away,강백호,올러,260506_184540,4,커브,132.0,-0.22154,0.7083,3.333,1.616,L,3.78708,-118.464,4.59726,5.33834,21.7111,-50.3738,강백호 : 볼넷
2,Away,최재훈,올러,260506_185455,4,직구,150.0,0.509978,0.7083,3.261,1.582,R,8.66622,-133.565,-9.32393,-12.4813,26.5315,-15.4267,최재훈 : 볼넷
2,Away,N/A,올러,260506_185649,4,슬라이더,139.0,1.38397,0.7083,3.36,1.63,R,6.7699,-124.204,-4.44801,10.9146,24.1656,-39.7378,
2,Away,황영묵,올러,260506_190012,4,직구,152.0,0.291938,0.7083,3.272,1.587,L,8.72119,-135.928,-4.68701,-15.4214,28.2594,-18.4438,황영묵 : 좌익수 플라이 아웃
2,Away,강백호,올러,260506_184610,5,직구,153.0,-0.343153,0.7083,3.333,1.616,L,6.9047,-136.366,-6.4084,-13.3503,27.3201,-15.3098,강백호 : 볼넷
2,Away,N/A,올러,260506_185720,5,슬라이더,136.0,-0.212892,0.7083,3.36,1.63,R,3.00701,-121.77,0.458596,14.138,23.4315,-44.7106,
2,Away,강백호,올러,260506_184634,6,슬라이더,139.0,0.463649,0.7083,3.333,1.616,L,4.87606,-124.366,0.348118,12.3424,24.5367,-38.2634,강백호 : 볼넷
2,Away,N/A,올러,260506_185754,6,직구,152.0,0.293113,0.7083,3.36,1.63,R,8.72908,-136.194,-5.76069,-15.3897,26.0936,-17.3431,
2,Away,강백호,올러,260506_184725,7,슬라이더,136.0,-2.26312,0.7083,3.333,1.616,L,-1.01289,-121.52,8.7466,10.5796,23.737,-48.3895,강백호 : 볼넷
2,Away,강백호,올러,260506_184751,8,직구,152.0,-1.04152,0.7083,3.333,1.616,L,4.72844,-136.236,-2.53691,-11.1344,26.9711,-17.8674,강백호 : 볼넷
2,Home,나성범,류현진,260506_190238,1,직구,141.0,-0.085924,0.7083,3.344,1.622,L,-6.13702,-126.503,-4.44412,13.061,24.6132,-14.9656,나성범 : 삼진 아웃
2,Home,데일,류현진,260506_190435,1,직구,144.0,0.683671,0.7083,3.461,1.678,R,-5.05811,-128.916,-4.49918,12.6447,26.5795,-13.7454,데일 : 삼진 아웃
2,Home,한준수,류현진,260506_190544,1,커터,134.0,-0.368083,0.7083,3.391,1.645,L,-4.53765,-120.855,-0.671339,-0.470261,20.5601,-25.6321,한준수 : 좌중간 2루타
2,Home,박민,류현진,260506_190959,1,커브,111.0,-1.12592,0.7083,3.382,1.64,R,-2.92742,-99.3294,2.00489,-7.38618,17.7043,-42.5445,박민 : 유격수 땅볼 아웃 (유격수->1루수 송구아웃)
2,Home,나성범,류현진,260506_190255,2,직구,141.0,0.65399,0.7083,3.344,1.622,L,-3.54214,-126.467,-1.68331,7.94608,24.8872,-14.7145,나성범 : 삼진 아웃
2,Home,데일,류현진,260506_190454,2,커브,110.0,-0.033427,0.7083,3.461,1.678,R,-1.07243,-98.8837,4.98981,-6.39953,18.0346,-42.2819,데일 : 삼진 아웃
2,Home,한준수,류현진,260506_190601,2,커터,134.0,0.480553,0.7083,3.391,1.645,L,-3.51277,-120.77,-3.79221,1.01629,19.6353,-24.5436,한준수 : 좌중간 2루타
2,Home,박민,류현진,260506_191020,2,직구,144.0,0.016181,0.7083,3.382,1.64,R,-6.51623,-129.13,-4.55986,12.0983,27.8765,-15.294,박민 : 유격수 땅볼 아웃 (유격수->1루수 송구아웃)
2,Home,나성범,류현진,260506_190312,3,커터,135.0,0.021546,0.7083,3.344,1.622,L,-2.73613,-121.633,-2.09568,-4.95134,19.9826,-23.365,나성범 : 삼진 아웃
2,Home,데일,류현진,260506_190512,3,커터,135.0,-0.170003,0.7083,3.461,1.678,R,-4.06529,-120.92,-5.99761,-0.96865,17.5495,-23.1715,데일 : 삼진 아웃
2,Home,한준수,류현진,260506_190619,3,직구,144.0,-0.614215,0.7083,3.391,1.645,L,-7.61803,-128.67,-6.40551,14.0825,24.6678,-14.5381,한준수 : 좌중간 2루타
2,Home,나성범,류현진,260506_190347,4,커터,135.0,-0.64443,0.7083,3.344,1.622,L,-4.46518,-121.865,-0.466721,-2.56436,20.8819,-23.7564,나성범 : 삼진 아웃
2,Home,한준수,류현진,260506_190636,4,커터,136.0,-1.30981,0.7083,3.391,1.645,L,-6.83795,-122.328,-2.82975,0.758362,19.4544,-23.4102,한준수 : 좌중간 2루타
2,Home,나성범,류현진,260506_190404,5,커터,136.0,-0.463839,0.7083,3.344,1.622,L,-4.18559,-121.991,-2.41665,-2.213,21.6451,-20.6732,나성범 : 삼진 아웃
2,Home,한준수,류현진,260506_190653,5,직구,143.0,-0.362659,0.7083,3.391,1.645,L,-7.9401,-128.315,-5.89158,17.7735,26.4518,-13.5036,한준수 : 좌중간 2루타
2,Home,한준수,류현진,260506_190718,6,체인지업,131.0,0.877949,0.7083,3.391,1.645,L,-4.52217,-117.799,-2.94607,12.6505,24.0649,-20.0655,한준수 : 좌중간 2루타
2,Home,한준수,류현진,260506_190755,7,커브,115.0,0.252048,0.7083,3.391,1.645,L,-1.13533,-103.278,2.72959,-5.63769,19.5623,-44.9684,한준수 : 좌중간 2루타
2,Home,한준수,류현진,260506_190820,8,커터,135.0,-0.442235,0.7083,3.391,1.645,L,-5.58278,-121.271,-4.3158,2.54898,23.1363,-29.3974,한준수 : 좌중간 2루타
2,Home,한준수,류현진,260506_190847,9,커터,138.0,-1.83084,0.7083,3.391,1.645,L,-8.76848,-123.556,-6.50145,4.22656,21.7228,-21.43,한준수 : 좌중간 2루타
2,Home,한준수,류현진,260506_190910,10,직구,145.0,-0.252989,0.7083,3.391,1.645,L,-7.52389,-130.57,-4.45161,16.564,30.4521,-18.2598,한준수 : 좌중간 2루타
3,Away,페라자,올러,260506_191233,1,슬라이더,135.0,-0.270544,0.7083,3.25,1.576,L,3.76031,-120.94,3.48746,9.22103,23.4839,-43.6491,페라자 : 3루수 파울플라이 아웃
3,Away,N/A,올러,260506_191324,1,커브,131.0,1.07191,0.7083,3.17,1.537,L,6.7071,-117.533,-1.96792,5.07255,21.1284,-47.2983,
3,Away,강백호,올러,260506_191433,1,슬라이더,137.0,0.077585,0.7083,3.333,1.616,L,4.04888,-122.581,-1.51613,11.6373,22.8721,-42.4661,강백호 : 삼진 아웃
3,Away,노시환,올러,260506_191645,1,커브,133.0,0.921984,0.7083,3.364,1.631,R,6.14141,-118.655,-2.75991,5.01276,22.8155,-50.4907,노시환 : 좌익수 플라이 아웃
3,Away,페라자,올러,260506_191250,2,슬라이더,135.0,0.278863,0.7083,3.25,1.576,L,4.09329,-120.856,3.31697,11.8063,22.5369,-47.2802,페라자 : 3루수 파울플라이 아웃
3,Away,N/A,올러,260506_191341,2,직구,151.0,-0.208858,0.7083,3.17,1.537,L,6.81759,-134.844,-5.2963,-12.8323,26.8936,-17.2075,
3,Away,강백호,올러,260506_191449,2,체인지업,140.0,0.531109,0.7083,3.333,1.616,L,8.86383,-125.205,-4.97909,-10.676,23.8857,-36.3527,강백호 : 삼진 아웃
3,Away,노시환,올러,260506_191706,2,슬라이더,136.0,1.34124,0.7083,3.364,1.631,R,6.56636,-121.64,0.096681,11.3339,23.3213,-40.629,노시환 : 좌익수 플라이 아웃
3,Away,강백호,올러,260506_191509,3,직구,151.0,-1.41525,0.7083,3.333,1.616,L,4.60552,-135.382,0.903717,-13.2111,26.7404,-22.3539,강백호 : 삼진 아웃
3,Away,노시환,올러,260506_191726,3,직구,151.0,1.24284,0.7083,3.364,1.631,R,10.7486,-135.097,-8.21825,-14.8735,25.98,-12.8611,노시환 : 좌익수 플라이 아웃
3,Away,강백호,올러,260506_191529,4,직구,151.0,-0.218776,0.7083,3.333,1.616,L,6.55458,-134.688,-3.78626,-9.35517,24.8102,-18.5216,강백호 : 삼진 아웃
3,Away,노시환,올러,260506_191748,4,직구,151.0,-0.064943,0.7083,3.364,1.631,R,7.29065,-135.047,-5.97491,-12.6879,26.0628,-12.6957,노시환 : 좌익수 플라이 아웃
3,Away,강백호,올러,260506_191550,5,직구,152.0,-0.104027,0.7083,3.333,1.616,L,7.82427,-136.033,-2.88183,-15.0931,26.9587,-20.6303,강백호 : 삼진 아웃
3,Away,노시환,올러,260506_191812,5,직구,153.0,0.621885,0.7083,3.364,1.631,R,9.87539,-136.912,-2.99352,-17.9385,29.1899,-18.7504,노시환 : 좌익수 플라이 아웃
3,Away,강백호,올러,260506_191615,6,직구,153.0,0.262815,0.7083,3.333,1.616,L,8.73555,-136.391,-5.80045,-18.0541,28.9263,-12.0882,강백호 : 삼진 아웃
3,Away,노시환,올러,260506_191847,6,직구,153.0,-0.287491,0.7083,3.364,1.631,R,7.43949,-136.78,-3.69627,-16.8678,28.0937,-16.4075,노시환 : 좌익수 플라이 아웃
3,Home,박재현,류현진,260506_192101,1,직구,141.0,-1.65747,0.7083,3.329,1.615,L,-8.93945,-125.894,-8.31036,10.1368,25.2967,-13.5174,박재현 : 중견수 플라이 아웃
3,Home,김호령,류현진,260506_192210,1,커브,111.0,-0.652398,0.7083,3.311,1.606,R,-2.55713,-100.228,3.72433,-5.72825,18.6068,-42.677,김호령 : 우익수 플라이 아웃
3,Home,김선빈,류현진,260506_192316,1,커브,113.0,-1.19114,0.7083,3.045,1.477,R,-2.9115,-101.514,-1.87408,-8.58401,17.167,-41.087,김선빈 : 중견수 왼쪽 2루타
3,Home,김도영,류현진,260506_192427,1,직구,144.0,0.724255,0.7083,3.342,1.621,R,-4.71001,-129.695,-5.41727,13.0556,26.8864,-14.3977,김도영 : 삼진 아웃
3,Home,박재현,류현진,260506_192116,2,직구,142.0,-0.449342,0.7083,3.329,1.615,L,-6.42687,-127.326,-4.79799,10.0538,24.5835,-17.0567,박재현 : 중견수 플라이 아웃
3,Home,김호령,류현진,260506_192226,2,커터,135.0,-0.646567,0.7083,3.311,1.606,R,-4.53304,-121.088,-3.8628,-2.69886,19.4835,-26.3282,김호령 : 우익수 플라이 아웃
3,Home,김선빈,류현진,260506_192338,2,직구,145.0,0.197858,0.7083,3.045,1.477,R,-6.15382,-129.318,-3.58226,14.6986,23.6293,-20.2111,김선빈 : 중견수 왼쪽 2루타
3,Home,김도영,류현진,260506_192455,2,커터,135.0,1.12151,0.7083,3.342,1.621,R,-1.50678,-122.58,-2.33594,-1.20714,23.689,-25.8435,김도영 : 삼진 아웃
3,Home,박재현,류현진,260506_192132,3,커터,139.0,0.091484,0.7083,3.329,1.615,L,-5.29059,-124.634,-5.81857,7.56372,21.5456,-18.876,박재현 : 중견수 플라이 아웃
3,Home,김도영,류현진,260506_192518,3,직구,144.0,-0.77016,0.7083,3.342,1.621,R,-8.13423,-129.667,-5.62887,14.028,27.6568,-17.1265,김도영 : 삼진 아웃
3,Home,김도영,류현진,260506_192559,4,체인지업,132.0,0.640537,0.7083,3.342,1.621,R,-5.71414,-118.519,-6.31403,14.6218,21.0524,-20.5932,김도영 : 삼진 아웃
3,Home,김도영,류현진,260506_192628,5,직구,145.0,-0.584042,0.7083,3.342,1.621,R,-7.04216,-129.799,-3.25048,10.4969,26.4802,-13.5434,김도영 : 삼진 아웃
3,Home,김도영,류현진,260506_192659,6,커터,135.0,-2.24994,0.7083,3.342,1.621,R,-9.16532,-120.762,-8.28433,2.82604,22.8779,-30.6713,김도영 : 삼진 아웃
3,Home,김도영,류현진,260506_192734,7,체인지업,131.0,0.952491,0.7083,3.342,1.621,R,-5.086,-118.003,-5.15418,14.4401,24.4185,-21.116,김도영 : 삼진 아웃
4,Away,김태연,올러,260506_192948,1,투심,146.0,1.20974,0.7083,3.232,1.568,R,11.6377,-130.604,-5.24962,-16.1017,25.3213,-26.3013,김태연 : 좌익수 플라이 아웃
4,Away,이원석,올러,260506_193212,1,커브,131.0,-0.092487,0.7083,3.278,1.59,R,4.44536,-117.308,0.717031,3.56801,20.6112,-47.8859,이원석 : 좌익수 앞 1루타
4,Away,최재훈,올러,260506_193339,1,슬라이더,131.0,-1.00275,0.7083,3.261,1.582,R,1.73676,-117.066,5.44759,10.9944,21.7836,-47.9216,최재훈 : 좌익수 오른쪽 앞 1루타
4,Away,심우준,올러,260506_193528,1,직구,148.0,-0.415135,0.7083,3.36,1.63,R,6.15835,-132.155,-1.57498,-11.0964,26.6785,-21.1001,심우준 : 삼진 아웃
4,Away,N/A,올러,260506_193855,1,직구,150.0,-0.461139,0.7083,3.272,1.587,L,7.82274,-134.574,-4.85502,-16.7479,29.4859,-18.1957,
4,Away,페라자,올러,260506_193940,1,체인지업,138.0,0.026749,0.7083,3.25,1.576,L,7.94898,-123.243,-3.96159,-8.52443,23.0664,-34.0987,페라자 : 볼넷
4,Away,문현빈,올러,260506_194334,1,슬라이더,132.0,-1.58374,0.7083,3.17,1.537,L,0.428555,-117.7,7.42848,12.9604,21.4164,-39.7874,문현빈 : 좌익수 플라이 아웃
4,Away,김태연,올러,260506_193005,2,투심,146.0,0.96296,0.7083,3.232,1.568,R,11.2667,-130.197,-4.96583,-16.6319,22.2478,-27.1798,김태연 : 좌익수 플라이 아웃
4,Away,심우준,올러,260506_193602,2,직구,144.0,0.871918,0.7083,3.36,1.63,R,10.6249,-128.941,-1.8447,-14.7891,28.2039,-19.5102,심우준 : 삼진 아웃
4,Away,페라자,올러,260506_194004,2,체인지업,140.0,0.336965,0.7083,3.25,1.576,L,9.65342,-125.621,-2.639,-12.9338,24.1175,-37.2351,페라자 : 볼넷
4,Away,문현빈,올러,260506_194429,2,직구,149.0,-0.488042,0.7083,3.17,1.537,L,6.87705,-133.388,-4.43352,-14.8353,28.078,-18.4527,문현빈 : 좌익수 플라이 아웃
4,Away,김태연,올러,260506_193041,3,슬라이더,134.0,-0.568283,0.7083,3.232,1.568,R,1.99644,-119.432,1.93278,13.8914,19.2531,-39.2297,김태연 : 좌익수 플라이 아웃
4,Away,심우준,올러,260506_193623,3,슬라이더,134.0,1.27344,0.7083,3.36,1.63,R,6.64021,-119.939,-0.456835,12.2123,21.0065,-40.4854,심우준 : 삼진 아웃
4,Away,페라자,올러,260506_194039,3,체인지업,141.0,2.01244,0.7083,3.25,1.576,L,12.7199,-125.936,-7.69137,-10.9488,26.4888,-37.7903,페라자 : 볼넷
4,Away,김태연,올러,260506_193107,4,슬라이더,134.0,0.186618,0.7083,3.232,1.568,R,4.1547,-119.99,5.3169,11.6571,22.1505,-42.9284,김태연 : 좌익수 플라이 아웃
4,Away,심우준,올러,260506_193648,4,슬라이더,135.0,0.309182,0.7083,3.36,1.63,R,4.42648,-120.949,-1.50309,12.4619,23.3897,-44.1166,심우준 : 삼진 아웃
4,Away,페라자,올러,260506_194116,4,체인지업,139.0,-1.02761,0.7083,3.25,1.576,L,6.18394,-123.955,0.4648,-12.3726,22.23,-39.0429,페라자 : 볼넷
4,Away,김태연,올러,260506_193126,5,직구,149.0,-0.164867,0.7083,3.232,1.568,R,6.96199,-133.267,-5.60892,-10.5902,26.0162,-17.628,김태연 : 좌익수 플라이 아웃
4,Away,심우준,올러,260506_193733,5,슬라이더,133.0,-0.679088,0.7083,3.36,1.63,R,2.07402,-119.496,0.667641,12.2788,23.3341,-40.734,심우준 : 삼진 아웃
4,Away,페라자,올러,260506_194141,5,슬라이더,135.0,-0.447716,0.7083,3.25,1.576,L,2.79268,-120.941,8.14279,13.13,22.6736,-44.7895,페라자 : 볼넷
4,Away,심우준,올러,260506_193807,6,체인지업,138.0,1.38441,0.7083,3.36,1.63,R,11.287,-123.78,-4.63583,-10.9749,22.4706,-37.3257,심우준 : 삼진 아웃
4,Away,페라자,올러,260506_194218,6,체인지업,137.0,-1.45593,0.7083,3.25,1.576,L,5.79985,-122.965,4.19328,-14.4868,24.4652,-37.7344,페라자 : 볼넷
4,Home,아데를린,류현진,260506_194631,1,체인지업,126.0,0.478844,0.7083,3.453,1.675,R,-4.2124,-112.908,-0.158809,8.27257,20.0281,-21.0817,아데를린 : 3루수 파울플라이 아웃
4,Home,나성범,류현진,260506_194745,1,체인지업,125.0,0.091717,0.7083,3.344,1.622,L,-6.00773,-112.185,-0.088694,11.5755,19.4813,-25.107,나성범 : 몸에 맞는 볼
4,Home,데일,류현진,260506_194904,1,직구,143.0,1.01624,0.7083,3.461,1.678,R,-4.3589,-129.125,-4.7917,13.3727,28.9983,-15.2773,데일 : 우익수 파울플라이 아웃
4,Home,한준수,류현진,260506_195034,1,투심,141.0,0.650687,0.7083,3.391,1.645,L,-5.84342,-127.012,-3.75767,16.4113,25.0085,-19.5756,한준수 : 1루수 땅볼 아웃 (1루수 1루 터치아웃)
4,Home,아데를린,류현진,260506_194646,2,체인지업,128.0,0.778737,0.7083,3.453,1.675,R,-3.86488,-111.691,-3.52168,7.78682,16.869,-18.4166,아데를린 : 3루수 파울플라이 아웃
4,Home,나성범,류현진,260506_194800,2,커터,137.0,-0.681075,0.7083,3.344,1.622,L,-6.08421,-123.196,-7.51876,4.55979,21.5587,-23.8488,나성범 : 몸에 맞는 볼
4,Home,데일,류현진,260506_194925,2,직구,141.0,0.463352,0.7083,3.461,1.678,R,-5.36691,-126.679,-3.62531,11.0627,24.5173,-17.6446,데일 : 우익수 파울플라이 아웃
4,Home,아데를린,류현진,260506_194705,3,체인지업,124.0,-0.228074,0.7083,3.453,1.675,R,-5.49507,-111.373,-3.63898,6.64661,18.1339,-21.7978,아데를린 : 3루수 파울플라이 아웃
4,Home,나성범,류현진,260506_194821,3,체인지업,125.0,1.54946,0.7083,3.344,1.622,L,-3.57674,-112.161,0.830209,13.3818,21.0542,-24.7971,나성범 : 몸에 맞는 볼
4,Home,데일,류현진,260506_194951,3,체인지업,128.0,0.462852,0.7083,3.461,1.678,R,-5.43412,-114.937,-2.41852,11.7142,21.8215,-25.6736,데일 : 우익수 파울플라이 아웃
5,Away,강백호,올러,260506_195245,1,체인지업,137.0,-1.01217,0.7083,3.333,1.616,L,5.32913,-122.013,4.24069,-8.81138,23.6445,-37.2832,강백호 : 삼진 아웃
5,Away,노시환,올러,260506_195459,1,체인지업,137.0,0.613257,0.7083,3.364,1.631,R,10.133,-122.171,-3.24893,-11.654,22.6743,-26.8284,노시환 : 우익수 플라이 아웃
5,Away,김태연,올러,260506_195552,1,체인지업,138.0,1.55493,0.7083,3.232,1.568,R,10.9936,-123.355,-5.85283,-9.47779,22.7127,-33.6016,김태연 : 3루수 땅볼 아웃 (3루수->1루수 송구아웃)
5,Away,강백호,올러,260506_195259,2,체인지업,137.0,-0.46397,0.7083,3.333,1.616,L,7.15892,-122.273,-2.41832,-11.3963,21.4016,-32.6313,강백호 : 삼진 아웃
5,Away,노시환,올러,260506_195516,2,커브,131.0,0.213613,0.7083,3.364,1.631,R,3.96431,-117.489,1.73414,9.04444,19.395,-46.0588,노시환 : 우익수 플라이 아웃
5,Away,김태연,올러,260506_195616,2,슬라이더,133.0,-0.438255,0.7083,3.232,1.568,R,3.86075,-119.274,0.830366,7.22912,23.1519,-43.665,김태연 : 3루수 땅볼 아웃 (3루수->1루수 송구아웃)
5,Away,강백호,올러,260506_195327,3,슬라이더,132.0,-0.612641,0.7083,3.333,1.616,L,3.26076,-118.36,3.88311,7.25847,20.649,-45.3717,강백호 : 삼진 아웃
5,Away,김태연,올러,260506_195655,3,직구,148.0,0.040477,0.7083,3.232,1.568,R,7.54955,-131.886,-5.55511,-11.3908,28.9773,-19.6266,김태연 : 3루수 땅볼 아웃 (3루수->1루수 송구아웃)
5,Away,강백호,올러,260506_195348,4,체인지업,137.0,-1.46334,0.7083,3.333,1.616,L,4.35953,-122.172,3.77885,-9.42277,22.6803,-33.6304,강백호 : 삼진 아웃
5,Away,강백호,올러,260506_195410,5,슬라이더,135.0,-1.31021,0.7083,3.333,1.616,L,2.06963,-121.257,3.71093,5.70994,20.2121,-43.1341,강백호 : 삼진 아웃
5,Away,강백호,올러,260506_195428,6,투심,149.0,0.059937,0.7083,3.333,1.616,L,8.84808,-133.393,-2.5753,-15.3553,26.1761,-21.8589,강백호 : 삼진 아웃
5,Home,박민,류현진,260506_195905,1,직구,142.0,0.348013,0.7083,3.382,1.64,R,-5.8958,-127.488,-9.77155,14.5635,29.3161,-15.925,박민 : 삼진 아웃
5,Home,박재현,류현진,260506_200032,1,직구,142.0,-0.039605,0.7083,3.329,1.615,L,-6.52092,-126.551,-3.44833,12.9759,22.3752,-15.8099,박재현 : 2루수 땅볼 아웃 (2루수->1루수 송구아웃)
5,Home,김호령,류현진,260506_200211,1,직구,145.0,-0.090605,0.7083,3.311,1.606,R,-7.5101,-130.48,-4.76943,17.0111,27.4785,-14.7162,김호령 : 삼진 아웃
5,Home,박민,류현진,260506_195924,2,체인지업,128.0,0.349602,0.7083,3.382,1.64,R,-5.43065,-114.497,-1.64297,11.7731,20.1361,-22.3036,박민 : 삼진 아웃
5,Home,박재현,류현진,260506_200051,2,직구,145.0,-0.414872,0.7083,3.329,1.615,L,-6.36517,-129.548,-4.03892,9.47662,25.5033,-11.8365,박재현 : 2루수 땅볼 아웃 (2루수->1루수 송구아웃)
5,Home,김호령,류현진,260506_200232,2,직구,145.0,-0.27587,0.7083,3.311,1.606,R,-6.43275,-129.748,-3.52071,10.1115,26.75,-15.1503,김호령 : 삼진 아웃
5,Home,박민,류현진,260506_195940,3,직구,143.0,0.466287,0.7083,3.382,1.64,R,-5.15609,-128.538,-6.0302,12.0322,28.679,-13.2076,박민 : 삼진 아웃
5,Home,박재현,류현진,260506_200112,3,커터,140.0,-0.567949,0.7083,3.329,1.615,L,-6.04615,-125.614,-5.79846,4.11677,22.903,-24.9944,박재현 : 2루수 땅볼 아웃 (2루수->1루수 송구아웃)
5,Home,김호령,류현진,260506_200253,3,직구,145.0,-0.681675,0.7083,3.311,1.606,R,-8.00843,-130.1,-7.36036,12.6314,27.1957,-15.1904,김호령 : 삼진 아웃
5,Home,박민,류현진,260506_195957,4,커터,137.0,1.29372,0.7083,3.382,1.64,R,-2.47246,-123.318,-3.63576,4.22584,22.4815,-22.0018,박민 : 삼진 아웃
5,Home,박재현,류현진,260506_200134,4,커터,140.0,-0.038934,0.7083,3.329,1.615,L,-5.22257,-126.204,-4.23957,6.3257,23.7025,-21.0655,박재현 : 2루수 땅볼 아웃 (2루수->1루수 송구아웃)
6,Away,이원석,올러,260506_200648,1,체인지업,135.0,-0.694497,0.7083,3.278,1.59,R,5.94493,-120.522,-0.213266,-8.56478,21.8522,-32.2466,이원석 : 좌익수 왼쪽 2루타
6,Away,최재훈,올러,260506_200832,1,직구,145.0,-0.138601,0.7083,3.261,1.582,R,7.45275,-129.59,1.54386,-13.1215,26.3365,-21.5404,최재훈 : 유격수 땅볼 아웃 (유격수->1루수 송구아웃)
6,Away,심우준,올러,260506_201054,1,슬라이더,130.0,-0.421515,0.7083,3.36,1.63,R,3.28554,-116.469,-0.861619,10.2625,18.3902,-40.8941,심우준 : 2루수 플라이 아웃
6,Away,황영묵,올러,260506_201317,1,체인지업,137.0,0.020497,0.7083,3.272,1.587,L,8.10207,-122.001,-2.21447,-10.2788,25.4173,-29.2302,황영묵 : 삼진 아웃
6,Away,이원석,올러,260506_200704,2,슬라이더,132.0,-1.56892,0.7083,3.278,1.59,R,0.476889,-117.907,3.40476,11.0188,19.8186,-38.0226,이원석 : 좌익수 왼쪽 2루타
6,Away,최재훈,올러,260506_200856,2,직구,146.0,-0.000654,0.7083,3.261,1.582,R,7.87064,-130.82,-3.51292,-13.1847,27.9422,-16.7091,최재훈 : 유격수 땅볼 아웃 (유격수->1루수 송구아웃)
6,Away,심우준,올러,260506_201116,2,슬라이더,132.0,-0.533725,0.7083,3.36,1.63,R,3.07563,-118.355,-1.07202,9.33897,19.1308,-37.5768,심우준 : 2루수 플라이 아웃
6,Away,황영묵,올러,260506_201355,2,슬라이더,134.0,0.019534,0.7083,3.272,1.587,L,4.23117,-119.585,0.16121,10.5701,24.5528,-43.952,황영묵 : 삼진 아웃
6,Away,이원석,올러,260506_200723,3,체인지업,136.0,0.029142,0.7083,3.278,1.59,R,7.70848,-121.512,-2.25591,-9.70079,23.9186,-24.1623,이원석 : 좌익수 왼쪽 2루타
6,Away,최재훈,올러,260506_201009,3,슬라이더,133.0,-0.590384,0.7083,3.261,1.582,R,3.68223,-119.948,1.73459,7.20369,21.9355,-42.9405,최재훈 : 유격수 땅볼 아웃 (유격수->1루수 송구아웃)
6,Away,심우준,올러,260506_201142,3,직구,149.0,1.23417,0.7083,3.36,1.63,R,10.9838,-133.052,-7.29043,-15.9249,26.0024,-18.7522,심우준 : 2루수 플라이 아웃
6,Away,황영묵,올러,260506_201418,3,슬라이더,132.0,0.11493,0.7083,3.272,1.587,L,3.96584,-118.503,3.9392,13.359,24.9014,-45.0054,황영묵 : 삼진 아웃
6,Away,이원석,올러,260506_200740,4,체인지업,137.0,-0.494456,0.7083,3.278,1.59,R,6.52563,-122.184,-1.72597,-10.2421,23.4582,-30.7612,이원석 : 좌익수 왼쪽 2루타
6,Away,심우준,올러,260506_201206,4,체인지업,136.0,-0.461759,0.7083,3.36,1.63,R,7.08274,-122.012,-3.44419,-10.9324,20.8974,-28.0753,심우준 : 2루수 플라이 아웃
6,Away,황영묵,올러,260506_201441,4,슬라이더,136.0,-0.829671,0.7083,3.272,1.587,L,2.23867,-121.69,1.36727,12.6436,23.7187,-45.7837,황영묵 : 삼진 아웃
6,Away,심우준,올러,260506_201236,5,슬라이더,135.0,0.051258,0.7083,3.36,1.63,R,3.87385,-120.347,1.73222,10.9365,22.3771,-41.2274,심우준 : 2루수 플라이 아웃
6,Home,김선빈,류현진,260506_201657,1,직구,141.0,0.671775,0.7083,3.045,1.477,R,-4.91671,-126.422,-5.53715,12.2379,27.3151,-14.8774,김선빈 : 삼진 아웃
6,Home,김도영,류현진,260506_201809,1,직구,145.0,0.924561,0.7083,3.342,1.621,R,-5.12684,-130.211,-3.03199,15.9196,29.4354,-12.5524,김도영 : 우익수 플라이 아웃
6,Home,N/A,류현진,260506_201904,1,직구,143.0,-0.336307,0.7083,3.453,1.675,R,-7.03475,-128.152,-3.02661,12.486,26.1323,-13.7397,
6,Home,나성범,류현진,260506_202114,1,직구,144.0,-0.705145,0.7083,3.344,1.622,L,-8.24154,-128.926,-3.81475,13.6691,29.0671,-15.3559,나성범 : 삼진 아웃
6,Home,김선빈,류현진,260506_201714,2,직구,143.0,0.419974,0.7083,3.045,1.477,R,-5.69199,-127.243,-6.48621,13.4448,25.1474,-16.4093,김선빈 : 삼진 아웃
6,Home,김도영,류현진,260506_201826,2,직구,144.0,-0.024671,0.7083,3.342,1.621,R,-6.77604,-129.245,-5.77886,14.6468,26.9061,-15.8892,김도영 : 우익수 플라이 아웃
6,Home,N/A,류현진,260506_201923,2,직구,144.0,-0.910597,0.7083,3.453,1.675,R,-7.76628,-128.304,-5.30469,10.6018,24.4734,-14.3969,
6,Home,나성범,류현진,260506_202131,2,커터,139.0,-0.366248,0.7083,3.344,1.622,L,-5.15933,-124.983,-3.29606,3.0507,23.392,-20.0378,나성범 : 삼진 아웃
6,Home,김선빈,류현진,260506_201737,3,커터,135.0,0.818508,0.7083,3.045,1.477,R,-2.8216,-122.223,-4.13555,1.85339,23.6411,-24.5846,김선빈 : 삼진 아웃
6,Home,N/A,류현진,260506_201949,3,체인지업,131.0,0.596041,0.7083,3.453,1.675,R,-6.59393,-117.141,-1.30065,16.9086,21.2178,-23.1523,
6,Home,나성범,류현진,260506_202200,3,직구,144.0,-0.257404,0.7083,3.344,1.622,L,-6.00794,-128.858,-2.69756,10.3284,27.4447,-11.5371,나성범 : 삼진 아웃
6,Home,나성범,류현진,260506_202220,4,체인지업,133.0,0.915207,0.7083,3.344,1.622,L,-4.17478,-119.935,-4.83389,11.4417,24.2631,-18.3516,나성범 : 삼진 아웃
6,Home,나성범,류현진,260506_202254,5,직구,144.0,0.145662,0.7083,3.344,1.622,L,-6.71021,-129.592,-3.07662,17.3584,30.3821,-16.2216,나성범 : 삼진 아웃
6,Home,나성범,류현진,260506_202318,6,스위퍼,127.0,-2.58605,0.7083,3.344,1.622,L,-7.15724,-113.628,-4.10559,-9.38582,24.7594,-33.9992,나성범 : 삼진 아웃
6,Home,나성범,류현진,260506_202341,7,커터,138.0,-0.289976,0.7083,3.344,1.622,L,-5.34192,-124.286,-1.41075,3.70349,24.1138,-24.3252,나성범 : 삼진 아웃
6,Home,나성범,류현진,260506_202408,8,직구,146.0,-0.800483,0.7083,3.344,1.622,L,-8.24461,-131.002,-6.46291,12.9742,26.1629,-16.5476,나성범 : 삼진 아웃
7,Away,페라자,장재혁,260506_202652,1,직구,145.0,-0.246252,0.7083,3.25,1.576,L,2.41995,-130.007,-0.04895,-0.365157,28.3138,-19.5061,페라자 : 중견수 플라이 아웃
7,Away,문현빈,장재혁,260506_202849,1,슬라이더,133.0,0.266772,0.7083,3.17,1.537,L,3.73042,-119.044,-3.06412,-2.90549,18.272,-36.8586,문현빈 : 볼넷
7,Away,강백호,장재혁,260506_203028,1,직구,146.0,0.121016,0.7083,3.333,1.616,L,4.81822,-130.798,-8.44358,-9.40091,26.2399,-22.4687,강백호 : 중견수 플라이 아웃
7,Away,노시환,장재혁,260506_203240,1,슬라이더,133.0,0.244676,0.7083,3.364,1.631,R,4.07184,-119.378,-3.86177,-5.1647,22.5996,-38.3441,노시환 : 유격수 땅볼 아웃 (유격수->1루수 송구아웃)
7,Away,페라자,장재혁,260506_202711,2,슬라이더,132.0,0.061173,0.7083,3.25,1.576,L,2.4046,-117.951,1.96871,0.910279,20.3326,-42.3034,페라자 : 중견수 플라이 아웃
7,Away,문현빈,장재혁,260506_202908,2,슬라이더,132.0,-0.510598,0.7083,3.17,1.537,L,1.17034,-117.694,5.16784,-0.440567,20.6445,-40.7089,문현빈 : 볼넷
7,Away,강백호,장재혁,260506_203052,2,직구,145.0,-0.229437,0.7083,3.333,1.616,L,4.24028,-130.412,-6.24471,-9.32791,25.6468,-21.6829,강백호 : 중견수 플라이 아웃
7,Away,노시환,장재혁,260506_203310,2,슬라이더,133.0,0.983756,0.7083,3.364,1.631,R,4.8825,-119.434,-2.71176,-2.59973,23.9004,-36.0877,노시환 : 유격수 땅볼 아웃 (유격수->1루수 송구아웃)
7,Away,페라자,장재혁,260506_202728,3,슬라이더,131.0,1.46773,0.7083,3.25,1.576,L,5.98035,-118.083,-4.46223,-0.418643,23.9654,-39.5686,페라자 : 중견수 플라이 아웃
7,Away,문현빈,장재혁,260506_202927,3,직구,146.0,0.63915,0.7083,3.17,1.537,L,4.81028,-131.211,-8.62698,-2.3341,27.5029,-21.271,문현빈 : 볼넷
7,Away,강백호,장재혁,260506_203153,3,직구,146.0,-0.21294,0.7083,3.333,1.616,L,2.98964,-130.577,-4.7091,-4.85768,25.2862,-20.3722,강백호 : 중견수 플라이 아웃
7,Away,노시환,장재혁,260506_203346,3,슬라이더,133.0,0.620612,0.7083,3.364,1.631,R,4.9128,-119.039,-1.92657,-5.19587,21.5755,-37.1787,노시환 : 유격수 땅볼 아웃 (유격수->1루수 송구아웃)
7,Away,페라자,장재혁,260506_202752,4,직구,144.0,0.653375,0.7083,3.25,1.576,L,5.59594,-129.212,-1.2274,-6.04848,23.9146,-19.6179,페라자 : 중견수 플라이 아웃
7,Away,문현빈,장재혁,260506_202948,4,직구,145.0,1.68971,0.7083,3.17,1.537,L,8.12814,-129.177,-6.4586,-7.40427,27.8543,-26.3634,문현빈 : 볼넷
7,Away,노시환,장재혁,260506_203421,4,슬라이더,133.0,-0.123027,0.7083,3.364,1.631,R,1.92654,-118.676,-0.711064,-1.23152,20.6863,-35.99,노시환 : 유격수 땅볼 아웃 (유격수->1루수 송구아웃)
7,Away,페라자,장재혁,260506_202813,5,직구,147.0,-0.3689,0.7083,3.25,1.576,L,2.47651,-132.055,-6.32596,-3.69179,27.4093,-16.1507,페라자 : 중견수 플라이 아웃
7,Home,데일,조동욱,260506_203659,1,직구,147.0,-0.167821,0.7083,3.461,1.678,R,-9.30409,-131.662,-5.29184,13.5183,31.2886,-13.709,데일 : 유격수 땅볼 아웃 (유격수->1루수 송구아웃)
7,Home,한준수,조동욱,260506_203738,1,슬라이더,130.0,-1.06028,0.7083,3.391,1.645,L,-9.40427,-116.269,-3.42708,5.60131,20.7026,-25.9386,한준수 : 볼넷
7,Home,박민,조동욱,260506_203912,1,체인지업,132.0,-0.33697,0.7083,3.382,1.64,R,-9.13282,-118.183,-3.4507,12.3939,25.1552,-28.5227,박민 : 우익수 플라이 아웃
7,Home,박재현,조동욱,260506_204043,1,슬라이더,126.0,0.698463,0.7083,3.329,1.615,L,-4.33114,-113.976,1.63247,-0.886773,27.6375,-24.7273,박재현 : 2루수 땅볼 아웃 (2루수->1루수 송구아웃)
7,Home,한준수,조동욱,260506_203754,2,직구,147.0,0.049345,0.7083,3.391,1.645,L,-10.3624,-131.73,-9.57534,21.1673,28.5779,-12.4431,한준수 : 볼넷
7,Home,박민,조동욱,260506_204003,2,직구,146.0,0.127227,0.7083,3.382,1.64,R,-9.65716,-131.375,-3.79306,17.4627,32.1866,-23.9601,박민 : 우익수 플라이 아웃
7,Home,박재현,조동욱,260506_204114,2,슬라이더,128.0,-0.535345,0.7083,3.329,1.615,L,-7.36591,-114.828,0.217536,0.609857,22.1263,-26.7241,박재현 : 2루수 땅볼 아웃 (2루수->1루수 송구아웃)
7,Home,한준수,조동욱,260506_203815,3,직구,147.0,0.235648,0.7083,3.391,1.645,L,-8.97402,-131.738,-6.70969,15.6337,30.2503,-20.4666,한준수 : 볼넷
7,Home,한준수,조동욱,260506_203836,4,직구,146.0,-0.795094,0.7083,3.391,1.645,L,-10.9035,-130.844,-6.95747,13.5904,28.9586,-17.1181,한준수 : 볼넷
8,Away,김태연,장재혁,260506_204336,1,직구,146.0,-1.16565,0.7083,3.232,1.568,R,2.27216,-130.671,-6.73211,-9.39086,28.0085,-18.298,김태연 : 볼넷
8,Away,이원석,장재혁,260506_204520,1,직구,144.0,0.549594,0.7083,3.278,1.59,R,5.27701,-128.452,-4.41029,-5.80553,23.9722,-22.2011,이원석 : 3루수 희생번트 아웃 (3루수->2루수 1루 터치아웃)
8,Away,최재훈,장재혁,260506_204608,1,직구,145.0,0.350824,0.7083,3.261,1.582,R,5.11458,-130.448,-3.30327,-7.85421,28.6684,-23.7493,최재훈 : 3루수 땅볼 아웃 (3루수->1루수 송구아웃)
8,Away,N/A,장재혁,260506_204701,1,슬라이더,132.0,0.433615,0.7083,3.36,1.63,R,4.04021,-118.447,0.4447,-3.44357,23.4871,-42.7027,
8,Away,황영묵,장재혁,260506_204851,1,직구,142.0,-2.81395,0.7083,3.272,1.587,L,-2.11033,-126.957,-6.10747,-6.84439,23.16,-23.9823,황영묵 : 2루수 땅볼 아웃 (2루수->1루수 송구아웃)
8,Away,김태연,장재혁,260506_204353,2,직구,145.0,0.643392,0.7083,3.232,1.568,R,6.29043,-130.062,-6.37543,-9.83127,26.3473,-20.1191,김태연 : 볼넷
8,Away,최재훈,장재혁,260506_204624,2,슬라이더,130.0,0.51378,0.7083,3.261,1.582,R,4.29273,-116.553,-0.808886,-6.22757,20.0806,-39.6196,최재훈 : 3루수 땅볼 아웃 (3루수->1루수 송구아웃)
8,Away,N/A,장재혁,260506_204719,2,슬라이더,132.0,1.03718,0.7083,3.36,1.63,R,5.11006,-118.778,-4.08886,-2.47241,23.0035,-36.1888,
8,Away,황영묵,장재혁,260506_204936,2,직구,143.0,-0.26609,0.7083,3.272,1.587,L,2.96192,-128.159,-6.95959,-4.55983,24.8079,-23.0855,황영묵 : 2루수 땅볼 아웃 (2루수->1루수 송구아웃)
8,Away,김태연,장재혁,260506_204413,3,직구,146.0,1.38655,0.7083,3.232,1.568,R,7.01705,-130.345,-9.44465,-6.77953,26.7434,-19.0406,김태연 : 볼넷
8,Away,N/A,장재혁,260506_204745,3,슬라이더,131.0,0.3145,0.7083,3.36,1.63,R,4.21357,-117.402,1.33798,-5.28188,18.3209,-38.8996,
8,Away,황영묵,장재혁,260506_204957,3,직구,142.0,0.02971,0.7083,3.272,1.587,L,3.72587,-127.491,0.382999,-2.92406,25.2546,-29.4662,황영묵 : 2루수 땅볼 아웃 (2루수->1루수 송구아웃)
8,Away,김태연,장재혁,260506_204436,4,직구,145.0,-0.059103,0.7083,3.232,1.568,R,4.61979,-129.344,-7.0843,-9.01829,24.1478,-22.6898,김태연 : 볼넷
8,Away,황영묵,장재혁,260506_205019,4,직구,142.0,0.928724,0.7083,3.272,1.587,L,5.26646,-127.702,-4.5764,-2.12673,26.6132,-25.6586,황영묵 : 2루수 땅볼 아웃 (2루수->1루수 송구아웃)
8,Away,황영묵,장재혁,260506_205103,5,직구,143.0,0.941354,0.7083,3.272,1.587,L,6.25489,-128.461,-3.0864,-6.84731,26.5276,-26.0359,황영묵 : 2루수 땅볼 아웃 (2루수->1루수 송구아웃)
8,Away,황영묵,장재혁,260506_205139,6,직구,143.0,-0.104429,0.7083,3.272,1.587,L,3.027,-128.605,-1.33528,-3.13779,25.8028,-22.7552,황영묵 : 2루수 땅볼 아웃 (2루수->1루수 송구아웃)
8,Away,황영묵,장재혁,260506_205237,7,직구,144.0,0.307709,0.7083,3.272,1.587,L,4.75588,-128.529,-3.36384,-6.03893,25.7618,-16.2478,황영묵 : 2루수 땅볼 아웃 (2루수->1루수 송구아웃)
8,Home,김호령,이민우,260506_205502,1,투심,141.0,0.439772,0.7083,3.311,1.606,R,7.1057,-126.591,-7.24265,-18.159,23.0398,-19.4148,김호령 : 3루수 땅볼 아웃 (3루수->1루수 송구아웃)
8,Home,김선빈,이민우,260506_205630,1,투심,140.0,0.004349,0.7083,3.045,1.477,R,4.50736,-124.5,-5.57276,-13.5666,20.9595,-21.7087,김선빈 : 유격수 땅볼 아웃 (유격수->1루수 송구아웃)
8,Home,김도영,이민우,260506_205725,1,커브,120.0,0.576866,0.7083,3.342,1.621,R,2.57159,-108.053,5.59542,4.14561,17.7371,-44.0995,김도영 : 삼진 아웃
8,Home,김호령,이민우,260506_205515,2,커터,137.0,0.948801,0.7083,3.311,1.606,R,4.96023,-122.758,-9.24628,-0.989345,21.1685,-23.9683,김호령 : 3루수 땅볼 아웃 (3루수->1루수 송구아웃)
8,Home,김선빈,이민우,260506_205646,2,투심,144.0,0.161724,0.7083,3.045,1.477,R,5.94167,-128.574,-6.47379,-15.5581,26.6531,-23.6068,김선빈 : 유격수 땅볼 아웃 (유격수->1루수 송구아웃)
8,Home,김도영,이민우,260506_205742,2,투심,142.0,-0.790019,0.7083,3.342,1.621,R,3.92541,-127.585,-3.24808,-15.4094,22.5042,-23.5408,김도영 : 삼진 아웃
8,Home,김호령,이민우,260506_205535,3,커터,137.0,-0.031943,0.7083,3.311,1.606,R,3.72408,-122.327,-5.8786,-3.94395,19.973,-27.4623,김호령 : 3루수 땅볼 아웃 (3루수->1루수 송구아웃)
8,Home,김도영,이민우,260506_205802,3,커터,137.0,0.500493,0.7083,3.342,1.621,R,3.82862,-123.783,-3.90219,0.01515,20.5211,-28.9266,김도영 : 삼진 아웃
8,Home,김호령,이민우,260506_205553,4,커터,139.0,0.250962,0.7083,3.311,1.606,R,4.71739,-125.182,-3.51574,-5.02268,24.6618,-28.7807,김호령 : 3루수 땅볼 아웃 (3루수->1루수 송구아웃)
8,Home,김도영,이민우,260506_205825,4,투심,145.0,0.797374,0.7083,3.342,1.621,R,6.35052,-129.01,-6.85718,-12.674,20.9842,-20.0547,김도영 : 삼진 아웃
9,Away,페라자,김건국,260506_210121,1,커브,117.0,-0.090321,0.7083,3.25,1.576,L,1.92675,-104.591,2.5714,5.65052,19.8491,-46.3006,페라자 : 삼진 아웃
9,Away,문현빈,김건국,260506_210333,1,커터,138.0,0.161459,0.7083,3.17,1.537,L,2.28611,-123.232,-3.32533,8.77003,19.7095,-30.1588,문현빈 : 삼진 아웃
9,Away,N/A,김건국,260506_210534,1,직구,146.0,-1.49568,0.7083,3.333,1.616,L,2.54721,-130.568,-1.61824,-12.0577,24.7569,-21.5069,
9,Away,노시환,김건국,260506_210846,1,커브,120.0,0.506514,0.7083,3.364,1.631,R,2.37795,-107.093,2.11079,8.33147,19.2186,-48.548,노시환 : 포수 스트라이크 낫 아웃 (포수 태그아웃)
9,Away,페라자,김건국,260506_210137,2,커브,121.0,0.567523,0.7083,3.25,1.576,L,1.79444,-107.741,3.92357,10.8009,20.1393,-48.069,페라자 : 삼진 아웃
9,Away,문현빈,김건국,260506_210349,2,커브,121.0,-0.43347,0.7083,3.17,1.537,L,0.345639,-108.197,0.790561,11.0446,22.0918,-49.2926,문현빈 : 삼진 아웃
9,Away,N/A,김건국,260506_210550,2,커터,136.0,0.742778,0.7083,3.333,1.616,L,4.20637,-122.056,-5.49955,6.37947,18.0266,-27.3401,
9,Away,노시환,김건국,260506_210909,2,커브,119.0,-0.128047,0.7083,3.364,1.631,R,0.136638,-106.69,2.39645,11.4076,19.2218,-47.2313,노시환 : 포수 스트라이크 낫 아웃 (포수 태그아웃)
9,Away,페라자,김건국,260506_210218,3,커터,136.0,-0.147198,0.7083,3.25,1.576,L,2.54531,-122.335,1.4917,4.53103,20.615,-28.7407,페라자 : 삼진 아웃
9,Away,문현빈,김건국,260506_210412,3,포크,136.0,-0.126122,0.7083,3.17,1.537,L,4.39025,-121.367,-5.6768,-6.60559,21.2033,-26.2416,문현빈 : 삼진 아웃
9,Away,N/A,김건국,260506_210607,3,커터,137.0,0.203496,0.7083,3.333,1.616,L,3.54361,-122.858,-4.06955,3.7186,18.5985,-28.2315,
9,Away,노시환,김건국,260506_210930,3,직구,144.0,0.439378,0.7083,3.364,1.631,R,6.33092,-128.789,-6.63513,-10.9515,21.2009,-22.6335,노시환 : 포수 스트라이크 낫 아웃 (포수 태그아웃)
9,Away,페라자,김건국,260506_210238,4,포크,138.0,0.057769,0.7083,3.25,1.576,L,4.35055,-123.448,-2.53131,-2.19213,22.7497,-29.2004,페라자 : 삼진 아웃
9,Away,문현빈,김건국,260506_210439,4,포크,137.0,-0.794165,0.7083,3.17,1.537,L,2.80576,-122.076,-5.39115,-4.81547,22.2167,-27.829,문현빈 : 삼진 아웃
9,Away,N/A,김건국,260506_210631,4,직구,144.0,0.101819,0.7083,3.333,1.616,L,5.46686,-129.138,-7.09867,-8.89965,26.5289,-16.0501,
9,Away,노시환,김건국,260506_211001,4,커브,121.0,-1.68826,0.7083,3.364,1.631,R,-2.84872,-107.957,4.93944,11.9817,19.5096,-47.922,노시환 : 포수 스트라이크 낫 아웃 (포수 태그아웃)
9,Away,페라자,김건국,260506_210304,5,직구,144.0,-1.15196,0.7083,3.25,1.576,L,2.4537,-128.435,-4.3176,-8.02661,23.6396,-17.6114,페라자 : 삼진 아웃
9,Away,문현빈,김건국,260506_210504,5,커터,139.0,1.31516,0.7083,3.17,1.537,L,5.35984,-124.533,-4.40146,6.56763,21.4978,-28.6805,문현빈 : 삼진 아웃
9,Away,N/A,김건국,260506_210702,5,커브,121.0,0.029936,0.7083,3.333,1.616,L,1.72256,-108.699,1.20333,8.32034,21.8538,-47.1799,
9,Away,노시환,김건국,260506_211028,5,커터,136.0,1.65322,0.7083,3.364,1.631,R,6.20319,-121.949,-5.24166,3.84617,21.6261,-32.7819,노시환 : 포수 스트라이크 낫 아웃 (포수 태그아웃)
9,Away,N/A,김건국,260506_210726,6,커브,120.0,-0.116614,0.7083,3.333,1.616,L,0.165079,-107.263,5.73598,12.2362,19.8558,-46.2199,
9,Away,노시환,김건국,260506_211051,6,커터,137.0,1.01247,0.7083,3.364,1.631,R,4.76899,-122.338,-5.6242,6.71256,19.8991,-29.0336,노시환 : 포수 스트라이크 낫 아웃 (포수 태그아웃)
9,Away,N/A,김건국,260506_210748,7,직구,145.0,0.008743,0.7083,3.333,1.616,L,5.97989,-130.231,-3.24731,-11.2665,27.1671,-20.1095,
9,Home,N/A,쿠싱,260506_211310,1,직구,149.0,-0.512514,0.7083,3.453,1.675,R,4.69855,-133.135,0.042011,-10.0229,27.0437,-18.3432,
9,Home,나성범,쿠싱,260506_211413,1,스위퍼,134.0,1.53616,0.7083,3.344,1.622,L,5.75225,-120.853,-1.34372,7.1306,22.652,-38.5352,나성범 : 삼진 아웃
9,Home,한승연,쿠싱,260506_211557,1,스위퍼,134.0,1.30268,0.7083,3.349,1.624,R,4.72914,-119.861,-3.40331,8.60733,20.5862,-36.162,한승연 : 삼진 아웃
9,Home,김태군,쿠싱,260506_211711,1,투심,149.0,1.28137,0.7083,3.355,1.627,R,8.82583,-133.503,-4.81064,-11.2283,24.8355,-24.7115,김태군 : 삼진 아웃
9,Home,N/A,쿠싱,260506_211323,2,직구,149.0,0.124941,0.7083,3.453,1.675,R,6.25912,-132.364,-6.41955,-12.6668,27.7515,-18.7611,
9,Home,나성범,쿠싱,260506_211429,2,직구,149.0,-0.842692,0.7083,3.344,1.622,L,3.55888,-133.241,-1.74303,-7.13991,22.278,-21.1243,나성범 : 삼진 아웃
9,Home,한승연,쿠싱,260506_211609,2,스위퍼,136.0,0.578881,0.7083,3.349,1.624,R,2.79764,-121.596,-0.570695,11.4173,19.8617,-36.1981,한승연 : 삼진 아웃
9,Home,김태군,쿠싱,260506_211725,2,투심,148.0,0.42323,0.7083,3.355,1.627,R,8.08136,-132.73,-6.54785,-17.6674,25.668,-23.1407,김태군 : 삼진 아웃
9,Home,나성범,쿠싱,260506_211456,3,직구,149.0,-0.440605,0.7083,3.344,1.622,L,4.89221,-134.523,0.005058,-9.35934,25.6951,-30.2623,나성범 : 삼진 아웃
9,Home,한승연,쿠싱,260506_211623,3,스위퍼,135.0,0.554045,0.7083,3.349,1.624,R,3.51804,-121.675,0.744151,7.11959,22.4294,-41.679,한승연 : 삼진 아웃
9,Home,김태군,쿠싱,260506_211739,3,스위퍼,136.0,0.477792,0.7083,3.355,1.627,R,2.52707,-122.056,-1.64862,12.3403,20.7306,-36.4231,김태군 : 삼진 아웃
9,Home,한승연,쿠싱,260506_211639,4,스위퍼,137.0,1.30032,0.7083,3.349,1.624,R,4.8081,-123.097,-2.08153,8.37977,21.9314,-34.2569,한승연 : 삼진 아웃
9,Home,김태군,쿠싱,260506_211753,4,직구,149.0,0.615695,0.7083,3.355,1.627,R,6.31804,-132.898,-5.19667,-5.70266,24.2464,-18.7437,김태군 : 삼진 아웃
9,Home,김태군,쿠싱,260506_211816,5,스위퍼,137.0,2.24728,0.7083,3.355,1.627,R,4.6535,-122.496,-2.78296,18.598,24.0268,-37.7156,김태군 : 삼진 아웃
